652b5717-96cf-4b91-8b91-6e2ffa3a3b5e,oidsfhoihasd,4536c2c2-020b-4895-a54b-fe2a6fbe233f,a894f890-9915-480e-b9a6-cb7849df9971,2023-09-28T16:08:49.800697
d9549f4c-a4a7-4d00-8190-f749a65d31ef,team1-event1,4536c2c2-020b-4895-a54b-fe2a6fbe233f,a894f890-9915-480e-b9a6-cb7849df9971,2023-09-28T16:09:46.555421
0c6381ed-3c08-4321-96a7-95183183f4b3,team1-event1,4536c2c2-020b-4895-a54b-fe2a6fbe233f,a894f890-9915-480e-b9a6-cb7849df9971,2023-09-28T16:09:47.227157
9517de54-2a5b-485b-95af-821e3c4c752f,team1-event1,4536c2c2-020b-4895-a54b-fe2a6fbe233f,a894f890-9915-480e-b9a6-cb7849df9971,2023-09-28T16:09:47.564615
91da2f02-5247-4c6c-b782-c932c8ba38a5,team1-event1,4536c2c2-020b-4895-a54b-fe2a6fbe233f,a894f890-9915-480e-b9a6-cb7849df9971,2023-09-28T16:09:47.865407
1f7bc604-eb6a-4a11-8743-127ae1044c7a,team1-event1,4536c2c2-020b-4895-a54b-fe2a6fbe233f,a894f890-9915-480e-b9a6-cb7849df9971,2023-09-28T16:09:48.136002
cf86adef-c500-4d04-85e1-34578402ea1a,team1-event1,4536c2c2-020b-4895-a54b-fe2a6fbe233f,a894f890-9915-480e-b9a6-cb7849df9971,2023-09-28T16:09:48.399029
5ac4d671-8119-4ea3-94d9-00a30934366d,v,4536c2c2-020b-4895-a54b-fe2a6fbe233f,a894f890-9915-480e-b9a6-cb7849df9971,2023-09-28T16:09:48.652461
2b7db179-aa00-49a7-ae32-f3701c79e3be,team1-event1,4536c2c2-020b-4895-a54b-fe2a6fbe233f,a894f890-9915-480e-b9a6-cb7849df9971,2023-09-28T16:09:48.896393
64a3fd95-1502-4f0b-b540-cd0a2b374d36,team1-event1,4536c2c2-020b-4895-a54b-fe2a6fbe233f,a894f890-9915-480e-b9a6-cb7849df9971,2023-09-28T16:09:49.143510
4b373659-0262-49cf-a0ec-b132bdab78f8,team1-event1,4536c2c2-020b-4895-a54b-fe2a6fbe233f,a894f890-9915-480e-b9a6-cb7849df9971,2023-09-28T16:09:49.404005
07057b6a-35ac-4786-aed6-f134a3b83378,team1-event1,4536c2c2-020b-4895-a54b-fe2a6fbe233f,a894f890-9915-480e-b9a6-cb7849df9971,2023-09-28T16:09:49.628233
bb3482d8-41b7-45d3-b235-3cdcb480200b,team1-event1,4536c2c2-020b-4895-a54b-fe2a6fbe233f,a894f890-9915-480e-b9a6-cb7849df9971,2023-09-28T16:09:49.842810
591cd1c8-d334-422d-a387-1f88ddc771ae,team1-event1,4536c2c2-020b-4895-a54b-fe2a6fbe233f,a894f890-9915-480e-b9a6-cb7849df9971,2023-09-28T16:09:50.061591
15013df6-0169-425d-86dd-d3e9fb8a1b9c,team1-event1-comment-1,4536c2c2-020b-4895-a54b-fe2a6fbe233f,a894f890-9915-480e-b9a6-cb7849df9971,2023-09-28T16:09:57.037068
527ae47f-cc1c-431b-b820-a5b121becf83,team1-event1-comment-1,4536c2c2-020b-4895-a54b-fe2a6fbe233f,a894f890-9915-480e-b9a6-cb7849df9971,2023-09-28T16:09:57.433976
d465e4af-b5be-4acf-b5ee-edafb95f3b8f,team1-event1-comment-1,4536c2c2-020b-4895-a54b-fe2a6fbe233f,a894f890-9915-480e-b9a6-cb7849df9971,2023-09-28T16:09:57.746175
3a8b9c99-a991-42e5-8571-46e1a5b928b1,team1-event1-comment-1,4536c2c2-020b-4895-a54b-fe2a6fbe233f,a894f890-9915-480e-b9a6-cb7849df9971,2023-09-28T16:09:58.135015
ab9e63ba-7f6e-4a35-9b89-10c0e889e537,team1-event1-comment-1,4536c2c2-020b-4895-a54b-fe2a6fbe233f,a894f890-9915-480e-b9a6-cb7849df9971,2023-09-28T16:09:58.430469
199b001b-dbd3-4163-8472-e7a1a894eb11,team1-event1-comment-1,4536c2c2-020b-4895-a54b-fe2a6fbe233f,a894f890-9915-480e-b9a6-cb7849df9971,2023-09-28T16:09:58.771661
a3784711-6abc-489c-b8d9-318729f31a10,asdfjhjk,4536c2c2-020b-4895-a54b-fe2a6fbe233f,a894f890-9915-480e-b9a6-cb7849df9971,2023-10-03T11:27:58.834140
9984856f-8f79-4158-b1ea-397f5f9df5a9,lasdhjfn,4536c2c2-020b-4895-a54b-fe2a6fbe233f,a894f890-9915-480e-b9a6-cb7849df9971,2023-10-03T11:27:59.517806
3bbb5e01-8bcb-494a-bd0d-73b80d2604b7,asd,4536c2c2-020b-4895-a54b-fe2a6fbe233f,a894f890-9915-480e-b9a6-cb7849df9971,2023-10-03T11:27:59.784956
64428a47-1a3b-45bb-b69e-5b46e2a820e5,a,4536c2c2-020b-4895-a54b-fe2a6fbe233f,a894f890-9915-480e-b9a6-cb7849df9971,2023-10-03T11:27:59.975382
