225102af-251b-4c81-adc6-dcc5d2fdc335,c4735f2a-82f3-47ce-bdcf-dbb73b4ad09c
eba96848-b279-4e52-8718-edabf40f01cc,86fea857-30b6-4f48-9400-32c04454346d
4ba84220-4d98-4db6-8e3a-c90bc91fee3b,442b31e3-3164-457e-a000-51540b0233fa
4ba84220-4d98-4db6-8e3a-c90bc91fee3b,ed148b76-78bb-4bf1-9983-78e83d228660
4ba84220-4d98-4db6-8e3a-c90bc91fee3b,ef2b127c-13b8-4e50-b2e5-3aea11b8f93b
d8b13d27-2adf-4e57-af8d-77ff80752acb,442b31e3-3164-457e-a000-51540b0233fa
d8b13d27-2adf-4e57-af8d-77ff80752acb,ed148b76-78bb-4bf1-9983-78e83d228660
d8b13d27-2adf-4e57-af8d-77ff80752acb,ef2b127c-13b8-4e50-b2e5-3aea11b8f93b
bc74100e-cd67-4f5d-ba09-f5a84a320a47,d5c93cca-22d0-4172-9965-516975a90702
bc74100e-cd67-4f5d-ba09-f5a84a320a47,86fea857-30b6-4f48-9400-32c04454346d
17237209-94ed-4a14-91d0-a6bdaaffa8e5,86fea857-30b6-4f48-9400-32c04454346d
dd13b2cc-29e6-479a-9c16-bf167df0dbd8,442b31e3-3164-457e-a000-51540b0233fa
dd13b2cc-29e6-479a-9c16-bf167df0dbd8,ed148b76-78bb-4bf1-9983-78e83d228660
dd13b2cc-29e6-479a-9c16-bf167df0dbd8,ef2b127c-13b8-4e50-b2e5-3aea11b8f93b
8aa0584a-9f19-4c1f-899a-af1166f98718,d5c93cca-22d0-4172-9965-516975a90702
8aa0584a-9f19-4c1f-899a-af1166f98718,ef2b127c-13b8-4e50-b2e5-3aea11b8f93b
bc8e4fd2-bb71-4107-9fea-ab7668ed0ee6,442b31e3-3164-457e-a000-51540b0233fa
bc8e4fd2-bb71-4107-9fea-ab7668ed0ee6,ed148b76-78bb-4bf1-9983-78e83d228660
bc8e4fd2-bb71-4107-9fea-ab7668ed0ee6,86fea857-30b6-4f48-9400-32c04454346d
a889b9e8-d6fc-4325-9bf8-7601877b9008,d5c93cca-22d0-4172-9965-516975a90702
a889b9e8-d6fc-4325-9bf8-7601877b9008,86fea857-30b6-4f48-9400-32c04454346d
a889b9e8-d6fc-4325-9bf8-7601877b9008,ef2b127c-13b8-4e50-b2e5-3aea11b8f93b
9387e430-b33f-421a-9ca5-338fd4d3f0cd,442b31e3-3164-457e-a000-51540b0233fa
9387e430-b33f-421a-9ca5-338fd4d3f0cd,ed148b76-78bb-4bf1-9983-78e83d228660
8d784528-77a9-428b-b481-e4b445545939,0d4597b4-6e1b-4047-9f5e-2233b27ec42f
8d784528-77a9-428b-b481-e4b445545939,86fea857-30b6-4f48-9400-32c04454346d
6065ea85-5e60-477a-8c10-fac8817a75ac,442b31e3-3164-457e-a000-51540b0233fa
6065ea85-5e60-477a-8c10-fac8817a75ac,ed148b76-78bb-4bf1-9983-78e83d228660
6065ea85-5e60-477a-8c10-fac8817a75ac,ef2b127c-13b8-4e50-b2e5-3aea11b8f93b
dba754b8-0916-4611-afc3-61713a0bcf2e,442b31e3-3164-457e-a000-51540b0233fa
dba754b8-0916-4611-afc3-61713a0bcf2e,ed148b76-78bb-4bf1-9983-78e83d228660
f613f520-4a47-4389-bc20-f73b3ddfd7b6,0d4597b4-6e1b-4047-9f5e-2233b27ec42f
f613f520-4a47-4389-bc20-f73b3ddfd7b6,86fea857-30b6-4f48-9400-32c04454346d
f613f520-4a47-4389-bc20-f73b3ddfd7b6,ef2b127c-13b8-4e50-b2e5-3aea11b8f93b
9dd78f0d-47cd-48c1-8f43-c3a3dadf6fea,442b31e3-3164-457e-a000-51540b0233fa
9dd78f0d-47cd-48c1-8f43-c3a3dadf6fea,d5c93cca-22d0-4172-9965-516975a90702
9dd78f0d-47cd-48c1-8f43-c3a3dadf6fea,ef2b127c-13b8-4e50-b2e5-3aea11b8f93b
181546a1-c551-4436-b75b-12f735ece9df,442b31e3-3164-457e-a000-51540b0233fa
181546a1-c551-4436-b75b-12f735ece9df,ed148b76-78bb-4bf1-9983-78e83d228660
181546a1-c551-4436-b75b-12f735ece9df,86fea857-30b6-4f48-9400-32c04454346d
c98757e2-5c4d-495e-b546-07d28f8c7d51,0d4597b4-6e1b-4047-9f5e-2233b27ec42f
c98757e2-5c4d-495e-b546-07d28f8c7d51,86fea857-30b6-4f48-9400-32c04454346d
33e7b8aa-fbfd-4b05-9833-e0b00e43b3d1,ef2b127c-13b8-4e50-b2e5-3aea11b8f93b
a46d3f5b-8985-4e54-ab0d-c5bfbd06728c,442b31e3-3164-457e-a000-51540b0233fa
a46d3f5b-8985-4e54-ab0d-c5bfbd06728c,ed148b76-78bb-4bf1-9983-78e83d228660
a46d3f5b-8985-4e54-ab0d-c5bfbd06728c,ef2b127c-13b8-4e50-b2e5-3aea11b8f93b
c3791095-0d06-4ffe-83d2-911f3398422d,ed148b76-78bb-4bf1-9983-78e83d228660
c3791095-0d06-4ffe-83d2-911f3398422d,86fea857-30b6-4f48-9400-32c04454346d
c3adaaf5-6892-4e55-bfb8-4192904cc2f9,d5c93cca-22d0-4172-9965-516975a90702
c3adaaf5-6892-4e55-bfb8-4192904cc2f9,86fea857-30b6-4f48-9400-32c04454346d
c1ef764e-8b24-487b-bf10-43d8bc141f20,0d4597b4-6e1b-4047-9f5e-2233b27ec42f
c1ef764e-8b24-487b-bf10-43d8bc141f20,ef2b127c-13b8-4e50-b2e5-3aea11b8f93b
0babe6a7-662d-4d0b-8977-b553ec78f08d,d5c93cca-22d0-4172-9965-516975a90702
0babe6a7-662d-4d0b-8977-b553ec78f08d,442b31e3-3164-457e-a000-51540b0233fa
b43757c5-88e3-4272-9abb-8d228bf574cb,442b31e3-3164-457e-a000-51540b0233fa
b43757c5-88e3-4272-9abb-8d228bf574cb,ef2b127c-13b8-4e50-b2e5-3aea11b8f93b
057e8665-83dc-444a-b464-3aff38076411,ef2b127c-13b8-4e50-b2e5-3aea11b8f93b
660bfb24-b136-4b7e-ab9f-f26883659695,442b31e3-3164-457e-a000-51540b0233fa
660bfb24-b136-4b7e-ab9f-f26883659695,86fea857-30b6-4f48-9400-32c04454346d
e3b43fb1-a48b-4aba-9ad4-d78d9e0c9fea,d5c93cca-22d0-4172-9965-516975a90702
e3b43fb1-a48b-4aba-9ad4-d78d9e0c9fea,86fea857-30b6-4f48-9400-32c04454346d
38c226e8-6488-40ef-b2b9-bd391d3df3e7,442b31e3-3164-457e-a000-51540b0233fa
38c226e8-6488-40ef-b2b9-bd391d3df3e7,86fea857-30b6-4f48-9400-32c04454346d
f874c607-b35e-404d-88c9-e38fa2104374,0d4597b4-6e1b-4047-9f5e-2233b27ec42f
f874c607-b35e-404d-88c9-e38fa2104374,ef2b127c-13b8-4e50-b2e5-3aea11b8f93b
d8b13d27-2adf-4e57-af8d-77ff80752acb,e79e21d5-79bb-4bbe-b261-58e55b87bbe0
17237209-94ed-4a14-91d0-a6bdaaffa8e5,e79e21d5-79bb-4bbe-b261-58e55b87bbe0
8aa0584a-9f19-4c1f-899a-af1166f98718,e79e21d5-79bb-4bbe-b261-58e55b87bbe0
bc8e4fd2-bb71-4107-9fea-ab7668ed0ee6,e79e21d5-79bb-4bbe-b261-58e55b87bbe0
a889b9e8-d6fc-4325-9bf8-7601877b9008,e79e21d5-79bb-4bbe-b261-58e55b87bbe0
6065ea85-5e60-477a-8c10-fac8817a75ac,e79e21d5-79bb-4bbe-b261-58e55b87bbe0
f613f520-4a47-4389-bc20-f73b3ddfd7b6,e79e21d5-79bb-4bbe-b261-58e55b87bbe0
30bf36e7-6299-4829-8040-ab914c0b4c99,e79e21d5-79bb-4bbe-b261-58e55b87bbe0
c98757e2-5c4d-495e-b546-07d28f8c7d51,e79e21d5-79bb-4bbe-b261-58e55b87bbe0
c3791095-0d06-4ffe-83d2-911f3398422d,e79e21d5-79bb-4bbe-b261-58e55b87bbe0
c3adaaf5-6892-4e55-bfb8-4192904cc2f9,e79e21d5-79bb-4bbe-b261-58e55b87bbe0
0babe6a7-662d-4d0b-8977-b553ec78f08d,e79e21d5-79bb-4bbe-b261-58e55b87bbe0
660bfb24-b136-4b7e-ab9f-f26883659695,e79e21d5-79bb-4bbe-b261-58e55b87bbe0
e3b43fb1-a48b-4aba-9ad4-d78d9e0c9fea,e79e21d5-79bb-4bbe-b261-58e55b87bbe0
eba96848-b279-4e52-8718-edabf40f01cc,0d4597b4-6e1b-4047-9f5e-2233b27ec42f
17237209-94ed-4a14-91d0-a6bdaaffa8e5,0d4597b4-6e1b-4047-9f5e-2233b27ec42f
