eba96848-b279-4e52-8718-edabf40f01cc,ee5cd933-4cb6-4bd2-9a6f-3a5f7a21e079
eba96848-b279-4e52-8718-edabf40f01cc,b7b443e0-d55b-429a-b089-6743a2f2be73
eba96848-b279-4e52-8718-edabf40f01cc,66b58c1c-a122-4e97-96c3-b0c2cdadcbed
4ba84220-4d98-4db6-8e3a-c90bc91fee3b,75610928-632d-41da-bdaa-0e315e560cbb
4ba84220-4d98-4db6-8e3a-c90bc91fee3b,ae5e0f04-fe25-49c1-ac9f-534ad8834a89
d8b13d27-2adf-4e57-af8d-77ff80752acb,75610928-632d-41da-bdaa-0e315e560cbb
d8b13d27-2adf-4e57-af8d-77ff80752acb,ae5e0f04-fe25-49c1-ac9f-534ad8834a89
bc74100e-cd67-4f5d-ba09-f5a84a320a47,b7b443e0-d55b-429a-b089-6743a2f2be73
bc74100e-cd67-4f5d-ba09-f5a84a320a47,66b58c1c-a122-4e97-96c3-b0c2cdadcbed
bc74100e-cd67-4f5d-ba09-f5a84a320a47,ee5cd933-4cb6-4bd2-9a6f-3a5f7a21e079
17237209-94ed-4a14-91d0-a6bdaaffa8e5,ee5cd933-4cb6-4bd2-9a6f-3a5f7a21e079
17237209-94ed-4a14-91d0-a6bdaaffa8e5,b7b443e0-d55b-429a-b089-6743a2f2be73
17237209-94ed-4a14-91d0-a6bdaaffa8e5,66b58c1c-a122-4e97-96c3-b0c2cdadcbed
dd13b2cc-29e6-479a-9c16-bf167df0dbd8,75610928-632d-41da-bdaa-0e315e560cbb
dd13b2cc-29e6-479a-9c16-bf167df0dbd8,ae5e0f04-fe25-49c1-ac9f-534ad8834a89
8aa0584a-9f19-4c1f-899a-af1166f98718,ee5cd933-4cb6-4bd2-9a6f-3a5f7a21e079
8aa0584a-9f19-4c1f-899a-af1166f98718,b7b443e0-d55b-429a-b089-6743a2f2be73
8aa0584a-9f19-4c1f-899a-af1166f98718,ae5e0f04-fe25-49c1-ac9f-534ad8834a89
bc8e4fd2-bb71-4107-9fea-ab7668ed0ee6,75610928-632d-41da-bdaa-0e315e560cbb
bc8e4fd2-bb71-4107-9fea-ab7668ed0ee6,66b58c1c-a122-4e97-96c3-b0c2cdadcbed
a889b9e8-d6fc-4325-9bf8-7601877b9008,ee5cd933-4cb6-4bd2-9a6f-3a5f7a21e079
a889b9e8-d6fc-4325-9bf8-7601877b9008,b7b443e0-d55b-429a-b089-6743a2f2be73
9387e430-b33f-421a-9ca5-338fd4d3f0cd,75610928-632d-41da-bdaa-0e315e560cbb
9387e430-b33f-421a-9ca5-338fd4d3f0cd,ae5e0f04-fe25-49c1-ac9f-534ad8834a89
9387e430-b33f-421a-9ca5-338fd4d3f0cd,66b58c1c-a122-4e97-96c3-b0c2cdadcbed
8d784528-77a9-428b-b481-e4b445545939,ee5cd933-4cb6-4bd2-9a6f-3a5f7a21e079
8d784528-77a9-428b-b481-e4b445545939,b7b443e0-d55b-429a-b089-6743a2f2be73
8d784528-77a9-428b-b481-e4b445545939,66b58c1c-a122-4e97-96c3-b0c2cdadcbed
6065ea85-5e60-477a-8c10-fac8817a75ac,75610928-632d-41da-bdaa-0e315e560cbb
6065ea85-5e60-477a-8c10-fac8817a75ac,ae5e0f04-fe25-49c1-ac9f-534ad8834a89
dba754b8-0916-4611-afc3-61713a0bcf2e,75610928-632d-41da-bdaa-0e315e560cbb
dba754b8-0916-4611-afc3-61713a0bcf2e,ae5e0f04-fe25-49c1-ac9f-534ad8834a89
dba754b8-0916-4611-afc3-61713a0bcf2e,66b58c1c-a122-4e97-96c3-b0c2cdadcbed
30bf36e7-6299-4829-8040-ab914c0b4c99,ee5cd933-4cb6-4bd2-9a6f-3a5f7a21e079
30bf36e7-6299-4829-8040-ab914c0b4c99,75610928-632d-41da-bdaa-0e315e560cbb
f613f520-4a47-4389-bc20-f73b3ddfd7b6,ee5cd933-4cb6-4bd2-9a6f-3a5f7a21e079
f613f520-4a47-4389-bc20-f73b3ddfd7b6,b7b443e0-d55b-429a-b089-6743a2f2be73
9dd78f0d-47cd-48c1-8f43-c3a3dadf6fea,b7b443e0-d55b-429a-b089-6743a2f2be73
9dd78f0d-47cd-48c1-8f43-c3a3dadf6fea,ae5e0f04-fe25-49c1-ac9f-534ad8834a89
181546a1-c551-4436-b75b-12f735ece9df,75610928-632d-41da-bdaa-0e315e560cbb
181546a1-c551-4436-b75b-12f735ece9df,66b58c1c-a122-4e97-96c3-b0c2cdadcbed
c98757e2-5c4d-495e-b546-07d28f8c7d51,ee5cd933-4cb6-4bd2-9a6f-3a5f7a21e079
c98757e2-5c4d-495e-b546-07d28f8c7d51,b7b443e0-d55b-429a-b089-6743a2f2be73
c98757e2-5c4d-495e-b546-07d28f8c7d51,66b58c1c-a122-4e97-96c3-b0c2cdadcbed
33e7b8aa-fbfd-4b05-9833-e0b00e43b3d1,b7b443e0-d55b-429a-b089-6743a2f2be73
33e7b8aa-fbfd-4b05-9833-e0b00e43b3d1,ae5e0f04-fe25-49c1-ac9f-534ad8834a89
a46d3f5b-8985-4e54-ab0d-c5bfbd06728c,75610928-632d-41da-bdaa-0e315e560cbb
a46d3f5b-8985-4e54-ab0d-c5bfbd06728c,ae5e0f04-fe25-49c1-ac9f-534ad8834a89
c3791095-0d06-4ffe-83d2-911f3398422d,75610928-632d-41da-bdaa-0e315e560cbb
c3791095-0d06-4ffe-83d2-911f3398422d,ee5cd933-4cb6-4bd2-9a6f-3a5f7a21e079
c3791095-0d06-4ffe-83d2-911f3398422d,66b58c1c-a122-4e97-96c3-b0c2cdadcbed
c3adaaf5-6892-4e55-bfb8-4192904cc2f9,ee5cd933-4cb6-4bd2-9a6f-3a5f7a21e079
c3adaaf5-6892-4e55-bfb8-4192904cc2f9,b7b443e0-d55b-429a-b089-6743a2f2be73
c3adaaf5-6892-4e55-bfb8-4192904cc2f9,66b58c1c-a122-4e97-96c3-b0c2cdadcbed
c1ef764e-8b24-487b-bf10-43d8bc141f20,ee5cd933-4cb6-4bd2-9a6f-3a5f7a21e079
c1ef764e-8b24-487b-bf10-43d8bc141f20,b7b443e0-d55b-429a-b089-6743a2f2be73
c1ef764e-8b24-487b-bf10-43d8bc141f20,ae5e0f04-fe25-49c1-ac9f-534ad8834a89
0babe6a7-662d-4d0b-8977-b553ec78f08d,b7b443e0-d55b-429a-b089-6743a2f2be73
0babe6a7-662d-4d0b-8977-b553ec78f08d,ae5e0f04-fe25-49c1-ac9f-534ad8834a89
0babe6a7-662d-4d0b-8977-b553ec78f08d,66b58c1c-a122-4e97-96c3-b0c2cdadcbed
b43757c5-88e3-4272-9abb-8d228bf574cb,75610928-632d-41da-bdaa-0e315e560cbb
b43757c5-88e3-4272-9abb-8d228bf574cb,b7b443e0-d55b-429a-b089-6743a2f2be73
b43757c5-88e3-4272-9abb-8d228bf574cb,ae5e0f04-fe25-49c1-ac9f-534ad8834a89
057e8665-83dc-444a-b464-3aff38076411,75610928-632d-41da-bdaa-0e315e560cbb
057e8665-83dc-444a-b464-3aff38076411,ee5cd933-4cb6-4bd2-9a6f-3a5f7a21e079
057e8665-83dc-444a-b464-3aff38076411,b7b443e0-d55b-429a-b089-6743a2f2be73
057e8665-83dc-444a-b464-3aff38076411,ae5e0f04-fe25-49c1-ac9f-534ad8834a89
660bfb24-b136-4b7e-ab9f-f26883659695,75610928-632d-41da-bdaa-0e315e560cbb
660bfb24-b136-4b7e-ab9f-f26883659695,b7b443e0-d55b-429a-b089-6743a2f2be73
660bfb24-b136-4b7e-ab9f-f26883659695,66b58c1c-a122-4e97-96c3-b0c2cdadcbed
e3b43fb1-a48b-4aba-9ad4-d78d9e0c9fea,ee5cd933-4cb6-4bd2-9a6f-3a5f7a21e079
e3b43fb1-a48b-4aba-9ad4-d78d9e0c9fea,b7b443e0-d55b-429a-b089-6743a2f2be73
e3b43fb1-a48b-4aba-9ad4-d78d9e0c9fea,66b58c1c-a122-4e97-96c3-b0c2cdadcbed
38c226e8-6488-40ef-b2b9-bd391d3df3e7,75610928-632d-41da-bdaa-0e315e560cbb
38c226e8-6488-40ef-b2b9-bd391d3df3e7,b7b443e0-d55b-429a-b089-6743a2f2be73
38c226e8-6488-40ef-b2b9-bd391d3df3e7,66b58c1c-a122-4e97-96c3-b0c2cdadcbed
f874c607-b35e-404d-88c9-e38fa2104374,ee5cd933-4cb6-4bd2-9a6f-3a5f7a21e079
f874c607-b35e-404d-88c9-e38fa2104374,b7b443e0-d55b-429a-b089-6743a2f2be73
f874c607-b35e-404d-88c9-e38fa2104374,ae5e0f04-fe25-49c1-ac9f-534ad8834a89
4ba84220-4d98-4db6-8e3a-c90bc91fee3b,c7e5b7f7-af92-43c4-abb9-75d5e5ac600a
bc74100e-cd67-4f5d-ba09-f5a84a320a47,c7e5b7f7-af92-43c4-abb9-75d5e5ac600a
eba96848-b279-4e52-8718-edabf40f01cc,c7e5b7f7-af92-43c4-abb9-75d5e5ac600a
dd13b2cc-29e6-479a-9c16-bf167df0dbd8,c7e5b7f7-af92-43c4-abb9-75d5e5ac600a
9387e430-b33f-421a-9ca5-338fd4d3f0cd,c7e5b7f7-af92-43c4-abb9-75d5e5ac600a
8d784528-77a9-428b-b481-e4b445545939,c7e5b7f7-af92-43c4-abb9-75d5e5ac600a
dba754b8-0916-4611-afc3-61713a0bcf2e,c7e5b7f7-af92-43c4-abb9-75d5e5ac600a
9dd78f0d-47cd-48c1-8f43-c3a3dadf6fea,c7e5b7f7-af92-43c4-abb9-75d5e5ac600a
181546a1-c551-4436-b75b-12f735ece9df,c7e5b7f7-af92-43c4-abb9-75d5e5ac600a
33e7b8aa-fbfd-4b05-9833-e0b00e43b3d1,c7e5b7f7-af92-43c4-abb9-75d5e5ac600a
a46d3f5b-8985-4e54-ab0d-c5bfbd06728c,c7e5b7f7-af92-43c4-abb9-75d5e5ac600a
c1ef764e-8b24-487b-bf10-43d8bc141f20,c7e5b7f7-af92-43c4-abb9-75d5e5ac600a
057e8665-83dc-444a-b464-3aff38076411,c7e5b7f7-af92-43c4-abb9-75d5e5ac600a
38c226e8-6488-40ef-b2b9-bd391d3df3e7,c7e5b7f7-af92-43c4-abb9-75d5e5ac600a
f874c607-b35e-404d-88c9-e38fa2104374,c7e5b7f7-af92-43c4-abb9-75d5e5ac600a
