f9aab339-ee8a-4001-8604-9a1a7b69f898,My name is alice,8aa0584a-9f19-4c1f-899a-af1166f98718,f4a80ae1-6a03-4ac1-a640-0f020133dbb7,2023-10-12T13:09:40.545407
0c0ed166-0edb-441d-9ad4-7804d9a08c4b,What time does the event start?,8aa0584a-9f19-4c1f-899a-af1166f98718,cbbbd022-e2ab-449b-8f90-d4c4ed555669,2023-10-12T13:10:35.957982600
b027ea33-64f4-4dea-800b-0e73b0128d9b,hello,8aa0584a-9f19-4c1f-899a-af1166f98718,e4fd8217-5920-4d6d-8176-86a9eae93857,2023-10-12T13:10:48.954875600
52ce002c-d096-4e00-9f3b-ce82114b2654,nice to meet you,8aa0584a-9f19-4c1f-899a-af1166f98718,cf80ad8a-33ed-4945-bf46-c87c308438d3,2023-10-12T13:11:12.631823200
30e24fc2-1a5a-4b88-8434-4d0af79617ed,hi everyone,8aa0584a-9f19-4c1f-899a-af1166f98718,6210ca35-74a6-4351-95af-896eee981938,2023-10-12T13:11:32.978452200
bc3f634b-98da-4745-84e3-202ac3d9448a,hello,8aa0584a-9f19-4c1f-899a-af1166f98718,b84f6363-3458-4c1f-a920-edb6a63bb4dd,2023-10-12T13:12:09.065414500
b32dc7ed-fd12-4e17-af16-335229c19349,hii,8aa0584a-9f19-4c1f-899a-af1166f98718,3fede63d-7090-4d09-a479-8c37c3de01f0,2023-10-12T13:12:17.637730
f3cfbb91-2cc1-423b-9f4b-8c8692d585ee,nice to meet you,8aa0584a-9f19-4c1f-899a-af1166f98718,c934e499-7252-4b88-b5d8-6366d0a635c5,2023-10-12T13:12:31.777057300
156c6e15-dff9-4cbb-a279-fb98975de407,my name is alice,8aa0584a-9f19-4c1f-899a-af1166f98718,a3c6fb9f-2cc2-4191-94fd-2ea04cbc9777,2023-10-12T13:12:54.906337100
caf2d69c-cfa4-4f7d-aa21-de1df1566efe,Is anyone selling auctioned artwork?,8aa0584a-9f19-4c1f-899a-af1166f98718,66b7d293-3edf-46d1-a9fe-58e70bbc58d2,2023-10-12T13:13:46.593479700
c6bf1b45-9790-483b-b353-e99b38a38f18,i love tea,8aa0584a-9f19-4c1f-899a-af1166f98718,8c0712ce-8707-43d3-98eb-efaecc9ed448,2023-10-12T13:15:06.839098400
2e2df7b8-3c42-45ac-9188-605b61816529,wow it amazing,8aa0584a-9f19-4c1f-899a-af1166f98718,95de9c29-20c7-46e5-93bd-f1094b94361a,2023-10-12T13:15:25.355618
cccdd436-bd7b-4cb4-bc02-d7e8066cbe9d,Tea helps me relax.,8aa0584a-9f19-4c1f-899a-af1166f98718,46e4987b-ae3b-422c-8563-dde2d42ae554,2023-10-12T13:16:46.849229800
fbc9d3ca-b3b0-47ac-836c-e3a4773a9940,I like making tea.,8aa0584a-9f19-4c1f-899a-af1166f98718,98bd1b78-fe6f-4d8b-8e3c-c9bff2cf9297,2023-10-12T13:17:09.350797500
2226c5d9-6465-427f-9923-5ed108baf556,it so cute,8aa0584a-9f19-4c1f-899a-af1166f98718,a6b5725e-c0d4-43c0-a815-8eb5761ee157,2023-10-12T13:17:25.177595100
f08fd30f-04f9-49fa-a96b-66db825f1add,where is register zone,bc8e4fd2-bb71-4107-9fea-ab7668ed0ee6,7357b238-b170-4125-9596-1a3bd020afb8,2023-10-12T13:18:28.324298600
4020a3da-306b-407a-a272-19b5dcc57519,nice to meet you,bc8e4fd2-bb71-4107-9fea-ab7668ed0ee6,dd97778c-2b6e-4533-b750-efd74c5752d3,2023-10-12T13:18:44.358633100
a3c33d9f-21ad-4625-b626-520265ec601f,hello,bc8e4fd2-bb71-4107-9fea-ab7668ed0ee6,4089ff94-5ec0-4792-91de-914d42cdaf62,2023-10-12T13:18:53.549407100
4e9d0a3c-c778-4d36-b047-ec6fb1553d23,hiii,bc8e4fd2-bb71-4107-9fea-ab7668ed0ee6,c1925fa3-ddfb-4cf1-b811-130991aea822,2023-10-12T13:19:08.237271500
75a77cad-9242-4097-88e6-41cbf64d3362,nice to meet you,bc8e4fd2-bb71-4107-9fea-ab7668ed0ee6,c58b8403-0187-4603-a319-3d54b1e2ea57,2023-10-12T13:19:27.239983
4efd5d53-185d-472e-b703-8a8060a418d5,my name is susan,bc8e4fd2-bb71-4107-9fea-ab7668ed0ee6,5b80317f-3bfc-4821-9038-b241d31824c1,2023-10-12T13:19:49.215988500
978074e4-2d18-428e-a432-5f5ca6ddadb3,Who is in the next zone?,bc8e4fd2-bb71-4107-9fea-ab7668ed0ee6,f789c39f-005c-4d16-ac9e-d12807b14122,2023-10-12T13:20:35.056707900
79c7ab12-9eca-4413-a4a4-e0c9c224da34,Who is in this zone?,bc8e4fd2-bb71-4107-9fea-ab7668ed0ee6,d1d80d17-21c7-4d6d-97f3-fa4a4a3958f1,2023-10-12T13:20:54.221982
5bf651f3-eec4-41a2-b007-85d292cf08b5,The food is very delicious.,bc8e4fd2-bb71-4107-9fea-ab7668ed0ee6,9cfbec53-5ac0-4ee2-b203-dd2b1d112076,2023-10-12T13:21:12.237659400
df73c195-1a81-4b57-8116-b90ee24a5c3d,I like this zone.,bc8e4fd2-bb71-4107-9fea-ab7668ed0ee6,88715975-98ca-4748-9cfd-6286b694e85c,2023-10-12T13:21:44.133104600
951fcb41-c866-417a-8c15-3e93c5f1eeea,My name is johndoe,a889b9e8-d6fc-4325-9bf8-7601877b9008,f4a80ae1-6a03-4ac1-a640-0f020133dbb7,2023-10-12T13:23:06.880668900
ad431976-9be4-4187-8f79-9c4162b7623e,17:00-19:00,a889b9e8-d6fc-4325-9bf8-7601877b9008,cbbbd022-e2ab-449b-8f90-d4c4ed555669,2023-10-12T13:23:30.088727300
8dc841a7-acf3-4fc3-ac70-a1ec307044fa,hiii,a889b9e8-d6fc-4325-9bf8-7601877b9008,e4fd8217-5920-4d6d-8176-86a9eae93857,2023-10-12T13:23:36.372924400
3e4ac7ba-4ca3-407a-bd38-723fdb464d20,me too,a889b9e8-d6fc-4325-9bf8-7601877b9008,cf80ad8a-33ed-4945-bf46-c87c308438d3,2023-10-12T13:23:44.496854100
73a6d578-091e-49b7-96ef-22683ebac6bb,hello,a889b9e8-d6fc-4325-9bf8-7601877b9008,6210ca35-74a6-4351-95af-896eee981938,2023-10-12T13:23:57.404384800
c7029216-6b01-429f-beaf-53fed61a11c9,hello,a889b9e8-d6fc-4325-9bf8-7601877b9008,b84f6363-3458-4c1f-a920-edb6a63bb4dd,2023-10-12T13:24:10.443537400
db42aaaa-a858-4dda-8ecf-a3517c550618,nice to meet you alice,a889b9e8-d6fc-4325-9bf8-7601877b9008,3fede63d-7090-4d09-a479-8c37c3de01f0,2023-10-12T13:24:26.948329300
2421fd10-65a5-4b22-b35f-35569d859726,me too,a889b9e8-d6fc-4325-9bf8-7601877b9008,c934e499-7252-4b88-b5d8-6366d0a635c5,2023-10-12T13:24:38.585789700
a11fd7e9-0127-46fd-8e01-89683a14f65b,hi alice,a889b9e8-d6fc-4325-9bf8-7601877b9008,a3c6fb9f-2cc2-4191-94fd-2ea04cbc9777,2023-10-12T13:25:08.271329400
cb67eebb-edbd-4727-9bf8-c5118703abeb,I don't know,a889b9e8-d6fc-4325-9bf8-7601877b9008,66b7d293-3edf-46d1-a9fe-58e70bbc58d2,2023-10-12T13:26:02.988562200
e6488df7-67f7-4d52-83b5-fac279ac85b8,near the fountain.,9387e430-b33f-421a-9ca5-338fd4d3f0cd,7357b238-b170-4125-9596-1a3bd020afb8,2023-10-12T13:27:21.886953200
845c3ca7-1afe-4d2f-bf4c-0e54458ad7c7,hi susan,9387e430-b33f-421a-9ca5-338fd4d3f0cd,dd97778c-2b6e-4533-b750-efd74c5752d3,2023-10-12T13:27:34.998121500
5c722cdd-0f81-4d2f-a1a0-93a5657b697d,hello,9387e430-b33f-421a-9ca5-338fd4d3f0cd,4089ff94-5ec0-4792-91de-914d42cdaf62,2023-10-12T13:27:42.664948600
b82244c2-e16d-4b9b-b6d4-1a135cae366c,hiiii,9387e430-b33f-421a-9ca5-338fd4d3f0cd,c1925fa3-ddfb-4cf1-b811-130991aea822,2023-10-12T13:27:51.649192600
6ef610fe-8a8c-40da-a605-4ab04146589e,me too,9387e430-b33f-421a-9ca5-338fd4d3f0cd,c58b8403-0187-4603-a319-3d54b1e2ea57,2023-10-12T13:28:01.567605600
dc7160bf-f426-4481-a5bd-6164d9575188,i love tooo,9387e430-b33f-421a-9ca5-338fd4d3f0cd,8c0712ce-8707-43d3-98eb-efaecc9ed448,2023-10-12T13:28:24.228524800
f4675061-2419-438e-bed2-9d85489cae41,I like listening to history.,9387e430-b33f-421a-9ca5-338fd4d3f0cd,95de9c29-20c7-46e5-93bd-f1094b94361a,2023-10-12T13:29:12.712451200
5242032f-6ede-4b9b-bbba-092353269f7a,It makes me relax.,9387e430-b33f-421a-9ca5-338fd4d3f0cd,46e4987b-ae3b-422c-8563-dde2d42ae554,2023-10-12T13:29:41.592984700
88dfbe0d-d512-4f38-858d-ebc91da0d794,me too,9387e430-b33f-421a-9ca5-338fd4d3f0cd,98bd1b78-fe6f-4d8b-8e3c-c9bff2cf9297,2023-10-12T13:29:53.862117900
5dfc24d7-17df-462c-8dc9-42caccac38c3,The gift is very cute.,9387e430-b33f-421a-9ca5-338fd4d3f0cd,a6b5725e-c0d4-43c0-a815-8eb5761ee157,2023-10-12T13:30:34.878425500
0c4a78ee-725b-47b5-8fdc-1272259a5b07,hi susan,9387e430-b33f-421a-9ca5-338fd4d3f0cd,5b80317f-3bfc-4821-9038-b241d31824c1,2023-10-12T13:30:53.162148400
605a6029-e83c-42b0-9735-c9b959843e6c,i think so too,9387e430-b33f-421a-9ca5-338fd4d3f0cd,9cfbec53-5ac0-4ee2-b203-dd2b1d112076,2023-10-12T13:31:29.287831300
3de729c5-5080-4793-b7dc-ebe91b146387,near the next zone,9387e430-b33f-421a-9ca5-338fd4d3f0cd,d1d80d17-21c7-4d6d-97f3-fa4a4a3958f1,2023-10-12T13:31:45.270725500
2e800def-13fe-43e0-9faf-24adb472e248,i like the next more.,9387e430-b33f-421a-9ca5-338fd4d3f0cd,88715975-98ca-4748-9cfd-6286b694e85c,2023-10-12T13:32:31.428651900
e8b27715-99b3-48eb-9585-72724e184fd6,hello,9387e430-b33f-421a-9ca5-338fd4d3f0cd,764cf4ab-f84d-48c2-8964-bfa457bf5aa7,2023-10-12T13:32:53.531925500
13a9e0c5-437c-4e86-b021-b286f948f59a,goodbye everyone,9387e430-b33f-421a-9ca5-338fd4d3f0cd,3bf3dbd7-db09-4c8b-8bf7-50918d6e4f9c,2023-10-12T13:33:09.007434300
f3d769a8-6a93-4038-9943-56fe71de135d,I'd like to meet the artist.,9387e430-b33f-421a-9ca5-338fd4d3f0cd,77dc3093-834e-4620-8689-0f5c235ecd19,2023-10-12T13:33:40.877862800
c87b4bd6-d777-47d1-9b9f-eac820ce5c5c,i love him.,9387e430-b33f-421a-9ca5-338fd4d3f0cd,e72474dd-ba75-4912-8eef-8be9a12353ed,2023-10-12T13:33:54.293652800
6c62d7cb-d7fb-409a-9c01-36d579c05987,Where can I get pictures?,9387e430-b33f-421a-9ca5-338fd4d3f0cd,e598c79e-de90-4310-ae71-2be5a9dba0e0,2023-10-12T13:35:11.961551800
b42c2e8e-57b4-488e-902b-3741561e3c8e,nice to meet you,8d784528-77a9-428b-b481-e4b445545939,f4a80ae1-6a03-4ac1-a640-0f020133dbb7,2023-10-12T13:37:39.679636100
66e8c275-c5ee-440d-af0d-c8f00d21e120,hi alice and johndoe,8d784528-77a9-428b-b481-e4b445545939,cbbbd022-e2ab-449b-8f90-d4c4ed555669,2023-10-12T13:37:58.435423400
6613b437-d375-4af0-9aab-187eac075633,my name is thegamer,8d784528-77a9-428b-b481-e4b445545939,e4fd8217-5920-4d6d-8176-86a9eae93857,2023-10-12T13:38:24.013262200
2ad115ee-0745-416a-b323-f382a08fda4e,nice to meet you,8d784528-77a9-428b-b481-e4b445545939,cf80ad8a-33ed-4945-bf46-c87c308438d3,2023-10-12T13:38:34.229912500
de534177-bc93-4a79-b431-ead05324c16a,hiiiii,8d784528-77a9-428b-b481-e4b445545939,6210ca35-74a6-4351-95af-896eee981938,2023-10-12T13:39:02.145005100
d53bc705-ba0b-41e6-9d29-750764597e66,i love tina,8d784528-77a9-428b-b481-e4b445545939,b84f6363-3458-4c1f-a920-edb6a63bb4dd,2023-10-12T13:39:16.949757100
4470f2ba-d944-4a6c-b1ab-12af12b61e5c,hello everyone,8d784528-77a9-428b-b481-e4b445545939,3fede63d-7090-4d09-a479-8c37c3de01f0,2023-10-12T13:39:34.464398800
0a94e795-ebe3-477f-b37a-f1817c36e3c1,hihi,8d784528-77a9-428b-b481-e4b445545939,c934e499-7252-4b88-b5d8-6366d0a635c5,2023-10-12T13:39:41.564888900
37cbd124-8032-470f-aa56-d836703c5c8c,nice to meet you alice,8d784528-77a9-428b-b481-e4b445545939,a3c6fb9f-2cc2-4191-94fd-2ea04cbc9777,2023-10-12T13:39:54.675977900
eb453e50-252a-4fc9-ab24-ce4a1483381f,meee,8d784528-77a9-428b-b481-e4b445545939,66b7d293-3edf-46d1-a9fe-58e70bbc58d2,2023-10-12T13:40:07.824095600
957308e8-eff2-4e4d-be54-1b5b11576387,my name is the gamer,8d784528-77a9-428b-b481-e4b445545939,5b80317f-3bfc-4821-9038-b241d31824c1,2023-10-12T13:40:29.283622300
c723b672-e7e7-4777-a8e7-dfee738a0efd,i don't know,8d784528-77a9-428b-b481-e4b445545939,f789c39f-005c-4d16-ac9e-d12807b14122,2023-10-12T13:40:48.706910600
0c96b723-91c3-4e45-9386-35b6f469a667,It's very delicious.,8d784528-77a9-428b-b481-e4b445545939,9cfbec53-5ac0-4ee2-b203-dd2b1d112076,2023-10-12T13:41:22.177982900
886a35a6-f336-4fb3-9396-c73ade091c60,Have you found it yet?,8d784528-77a9-428b-b481-e4b445545939,d1d80d17-21c7-4d6d-97f3-fa4a4a3958f1,2023-10-12T13:41:53.168431
a1bb5ac1-11b1-405a-90b4-e33bdbbbf179,I like pop-up zone too,8d784528-77a9-428b-b481-e4b445545939,88715975-98ca-4748-9cfd-6286b694e85c,2023-10-12T13:42:22.370145300
f0df67c1-eef7-4dad-89ee-04bf6e195533,byeee,8d784528-77a9-428b-b481-e4b445545939,3bf3dbd7-db09-4c8b-8bf7-50918d6e4f9c,2023-10-12T13:42:35.824053300
b03c8511-30e9-4463-b9af-c633a513ab36,hiii,8d784528-77a9-428b-b481-e4b445545939,764cf4ab-f84d-48c2-8964-bfa457bf5aa7,2023-10-12T13:42:41.037526400
57a9f617-0dc9-4f78-bacc-3521ae45f43c,me too,8d784528-77a9-428b-b481-e4b445545939,77dc3093-834e-4620-8689-0f5c235ecd19,2023-10-12T13:42:51.607209600
82f90c8d-43a9-4adb-a5c4-3f795bc78adc,i love him too,8d784528-77a9-428b-b481-e4b445545939,e72474dd-ba75-4912-8eef-8be9a12353ed,2023-10-12T13:43:02.508647800
7828805c-7872-4feb-a55a-a457764f5ca8,in gmail,8d784528-77a9-428b-b481-e4b445545939,e598c79e-de90-4310-ae71-2be5a9dba0e0,2023-10-12T13:43:23.143135700
8c27d9da-cd7e-49b6-b978-80ae618f10d1,Until what time can I register?,6065ea85-5e60-477a-8c10-fac8817a75ac,7357b238-b170-4125-9596-1a3bd020afb8,2023-10-12T13:44:33.462829700
a3b935de-5e94-4708-8540-f328bb1c1d7c,nice to meet you everyone,6065ea85-5e60-477a-8c10-fac8817a75ac,dd97778c-2b6e-4533-b750-efd74c5752d3,2023-10-12T13:44:57.033025
cbb2e62a-93a5-4fed-8ebe-df2860eba318,hii,6065ea85-5e60-477a-8c10-fac8817a75ac,4089ff94-5ec0-4792-91de-914d42cdaf62,2023-10-12T13:45:07.384058800
6ad61381-52c9-4c9a-8bf9-f94a4182be2e,where are you everyone,6065ea85-5e60-477a-8c10-fac8817a75ac,c1925fa3-ddfb-4cf1-b811-130991aea822,2023-10-12T13:45:27.158642300
9c32def2-b7c8-4b56-9187-dd05f59e82ba,nicet to meet you,6065ea85-5e60-477a-8c10-fac8817a75ac,c58b8403-0187-4603-a319-3d54b1e2ea57,2023-10-12T13:45:41.098058900
950a7c50-17ae-4df0-82a1-e196440068f1,me tooo,6065ea85-5e60-477a-8c10-fac8817a75ac,8c0712ce-8707-43d3-98eb-efaecc9ed448,2023-10-12T13:45:56.174433600
312cc48d-fa29-4389-9149-52d151788c87,i love it,6065ea85-5e60-477a-8c10-fac8817a75ac,95de9c29-20c7-46e5-93bd-f1094b94361a,2023-10-12T13:46:35.007907300
2059c90c-26bb-4863-8a88-85f46df1de48,me too,6065ea85-5e60-477a-8c10-fac8817a75ac,46e4987b-ae3b-422c-8563-dde2d42ae554,2023-10-12T13:46:47.747617900
2c6eb22c-caac-470b-886f-afdd561ac3cf,i love too,6065ea85-5e60-477a-8c10-fac8817a75ac,98bd1b78-fe6f-4d8b-8e3c-c9bff2cf9297,2023-10-12T13:46:59.800485600
cd57ae3a-0d39-4206-ab76-d485c179358a,I will keep it well.,6065ea85-5e60-477a-8c10-fac8817a75ac,a6b5725e-c0d4-43c0-a815-8eb5761ee157,2023-10-12T13:47:30.197039200
b4172d24-3f0a-42db-a399-ff36a0a00398,near pop-up zone,dba754b8-0916-4611-afc3-61713a0bcf2e,f789c39f-005c-4d16-ac9e-d12807b14122,2023-10-12T13:48:44.121625900
eca9b065-2414-4598-89fb-6cb9011e5297,Travel safely.,dba754b8-0916-4611-afc3-61713a0bcf2e,3bf3dbd7-db09-4c8b-8bf7-50918d6e4f9c,2023-10-12T13:49:39.947221700
2caba333-41a4-435a-adda-a9f5e37b6820,nice to meet you,dba754b8-0916-4611-afc3-61713a0bcf2e,764cf4ab-f84d-48c2-8964-bfa457bf5aa7,2023-10-12T13:50:27.389277600
de9bcc62-1401-4f1e-b487-225008264b9f,I can't wait any longer.,dba754b8-0916-4611-afc3-61713a0bcf2e,77dc3093-834e-4620-8689-0f5c235ecd19,2023-10-12T13:51:14.452403
195455ee-15cb-4044-9d7f-c591457f1116,me too,dba754b8-0916-4611-afc3-61713a0bcf2e,e72474dd-ba75-4912-8eef-8be9a12353ed,2023-10-12T13:51:29.789781500
8a690f9d-5c8b-4e4b-830a-d7cd533c8972,Are there any pictures given at the end of the event?,dba754b8-0916-4611-afc3-61713a0bcf2e,e598c79e-de90-4310-ae71-2be5a9dba0e0,2023-10-12T13:52:22.716805500
